<?xml version="1.0" encoding="UTF-8" standalone="yes"?>

<!--
PiTsOff
Copyright (C) 2016  Mark Lambert

This program is free software; you can redistribute it and/or modify  
it under the terms of the GNU General Public License as published by  
the Free Software Foundation; either version 2 of the License, or  
(at your option) any later version.  

This program is distributed in the hope that it will be useful,  
but WITHOUT ANY WARRANTY; without even the implied warranty of  
MERCHANTABILITY or FITNESS FOR A PARTICULAR PURPOSE.  See the  
GNU General Public License for more details.  

You should have received a copy of the GNU General Public License along
with this program; if not, write to the Free Software Foundation, Inc.,
51 Franklin Street, Fifth Floor, Boston, MA 02110-1301 USA.  
-->

<addon id="screensaver.pitsoff" name="pitsoff" version="0.3.1" provider-name="Mark Lambert">
    <requires>
        <import addon="xbmc.python" version="3.0.0"/>
        <import addon="xbmc.addon" version="19.0.0"/>
    </requires>
    <extension point="xbmc.ui.screensaver" library="screensaver.py" />
    <extension point="xbmc.addon.metadata">
        <provides>executable</provides>
        <platform>linux</platform>
        <language/>
        <website>https://github.com/marklam/PiTsOff</website>
        <source>https://github.com/marklam/PiTsOff</source>
        <forum>https://discourse.osmc.tv/t/touchscreen-backlight-control-on-raspberry-pi/12485/12</forum>
        <email/>
        <summary lang="en">Pi Touchscreen Screensaver</summary>
        <description>Switches off the official Raspberry Pi Touchscreen</description>
        <license/>
    </extension>
</addon>